-- pgTAP В· shiftsВ·payments RLS м •мұ… кІҖмҰқ
-- мӣҢм»ӨлҠ” ліёмқё shifts/payments мқҪкё°л§Ң, кі мҡ©мЈјлҠ” мһҗкё° shifts м „мІҙ м ‘к·ј

begin;
select plan(12);

-- в”Җв”Җ н”ҪмҠӨмІҳ в”Җв”Җв”Җв”Җв”Җв”Җв”Җв”Җв”Җв”Җв”Җв”Җв”Җв”Җв”Җв”Җв”Җв”Җв”Җв”Җв”Җв”Җв”Җв”Җв”Җв”Җв”Җв”Җв”Җв”Җв”Җв”Җв”Җв”Җв”Җв”Җв”Җв”Җв”Җв”Җв”Җв”Җв”Җв”Җв”Җв”Җв”Җв”Җв”Җ
insert into auth.users (id, email) values
  ('wk300000-0000-0000-0000-000000000001', 'worker3@test.com'),
  ('wk400000-0000-0000-0000-000000000002', 'worker4@test.com'),
  ('ea300000-0000-0000-0000-000000000003', 'employer3@test.com');

insert into public.profiles (id, display_name, phone_e164) values
  ('wk300000-0000-0000-0000-000000000001', 'мӣҢм»Ө3', '+821033330001'),
  ('wk400000-0000-0000-0000-000000000002', 'мӣҢм»Ө4', '+821033330002'),
  ('ea300000-0000-0000-0000-000000000003', 'кө¬мқёмһҗ3', '+821033330003');

insert into public.workers (id, profile_id) values
  ('wk300000-wwww-0000-0000-000000000001', 'wk300000-0000-0000-0000-000000000001'),
  ('wk400000-wwww-0000-0000-000000000002', 'wk400000-0000-0000-0000-000000000002');

insert into public.employers (id, profile_id, biz_name, biz_reg_no, approved) values
  ('ea300000-eeee-0000-0000-000000000003', 'ea300000-0000-0000-0000-000000000003', 'CмӮ¬', '1122334455', true);

insert into public.jobs (id, employer_id, title, dong_code, shift_start_at, shift_end_at, hourly_wage_krw, status) values
  ('jc300000-0000-0000-0000-000000000001', 'ea300000-eeee-0000-0000-000000000003', 'CмӮ¬ кіөкі ', '1150010100',
   now() + interval '1 day', now() + interval '1 day 4 hours', 12000, 'open');

insert into public.matches (id, job_id, worker_id, employer_id, status) values
  ('mc300000-0000-0000-0000-000000000001', 'jc300000-0000-0000-0000-000000000001',
   'wk300000-wwww-0000-0000-000000000001', 'ea300000-eeee-0000-0000-000000000003', 'confirmed'),
  ('mc400000-0000-0000-0000-000000000002', 'jc300000-0000-0000-0000-000000000001',
   'wk400000-wwww-0000-0000-000000000002', 'ea300000-eeee-0000-0000-000000000003', 'confirmed');

insert into public.shifts (id, match_id, job_id, worker_id, employer_id, status) values
  ('sh300000-0000-0000-0000-000000000001', 'mc300000-0000-0000-0000-000000000001',
   'jc300000-0000-0000-0000-000000000001',
   'wk300000-wwww-0000-0000-000000000001', 'ea300000-eeee-0000-0000-000000000003', 'pending'),
  ('sh400000-0000-0000-0000-000000000002', 'mc400000-0000-0000-0000-000000000002',
   'jc300000-0000-0000-0000-000000000001',
   'wk400000-wwww-0000-0000-000000000002', 'ea300000-eeee-0000-0000-000000000003', 'pending');

insert into public.payments (id, shift_id, worker_id, employer_id, gross_amount_krw, platform_fee_rate, platform_fee_krw, worker_net_krw, status) values
  ('py300000-0000-0000-0000-000000000001', 'sh300000-0000-0000-0000-000000000001',
   'wk300000-wwww-0000-0000-000000000001', 'ea300000-eeee-0000-0000-000000000003',
   48000, 0.15, 7200, 40800, 'pending'),
  ('py400000-0000-0000-0000-000000000002', 'sh400000-0000-0000-0000-000000000002',
   'wk400000-wwww-0000-0000-000000000002', 'ea300000-eeee-0000-0000-000000000003',
   36000, 0.15, 5400, 30600, 'pending');

-- в”Җв”Җ Test 1-3: service_roleмқҖ shiftsВ·payments м „мІҙ м ‘к·ј в”Җв”Җв”Җв”Җв”Җв”Җ
set local role service_role;

select is(
  (select count(*)::int from public.shifts),
  2,
  'service_roleмқҖ лӘЁл“  shiftsлҘј ліј мҲҳ мһҲлӢӨ'
);

select is(
  (select count(*)::int from public.payments),
  2,
  'service_roleмқҖ лӘЁл“  paymentsлҘј ліј мҲҳ мһҲлӢӨ'
);

-- в”Җв”Җ Test 3-5: мӣҢм»Ө3лҠ” ліёмқё shiftл§Ң мЎ°нҡҢ в”Җв”Җв”Җв”Җв”Җв”Җв”Җв”Җв”Җв”Җв”Җв”Җв”Җв”Җв”Җв”Җв”Җ
set local role authenticated;
set local request.jwt.claims = '{"sub":"wk300000-0000-0000-0000-000000000001","role":"authenticated"}';

select is(
  (select count(*)::int from public.shifts),
  1,
  'мӣҢм»Ө3лҠ” мһҗмӢ мқҳ shift 1кұҙл§Ң ліј мҲҳ мһҲлӢӨ'
);

select is(
  (select count(*)::int from public.shifts where id = 'sh400000-0000-0000-0000-000000000002'),
  0,
  'мӣҢм»Ө3лҠ” мӣҢм»Ө4мқҳ shiftлҘј ліј мҲҳ м—ҶлӢӨ'
);

select is(
  (select status from public.shifts where id = 'sh300000-0000-0000-0000-000000000001'),
  'pending',
  'мӣҢм»Ө3мқҳ shift мғҒнғң м •нҷ•'
);

-- в”Җв”Җ Test 6-7: мӣҢм»Ө3лҠ” ліёмқё paymentл§Ң мЎ°нҡҢ в”Җв”Җв”Җв”Җв”Җв”Җв”Җв”Җв”Җв”Җв”Җв”Җв”Җв”Җв”Җв”Җ
select is(
  (select count(*)::int from public.payments),
  1,
  'мӣҢм»Ө3лҠ” мһҗмӢ мқҳ payment 1кұҙл§Ң ліј мҲҳ мһҲлӢӨ'
);

select is(
  (select count(*)::int from public.payments where id = 'py400000-0000-0000-0000-000000000002'),
  0,
  'мӣҢм»Ө3лҠ” мӣҢм»Ө4мқҳ paymentлҘј ліј мҲҳ м—ҶлӢӨ'
);

-- в”Җв”Җ Test 8-10: мӣҢм»Ө4 м „нҷҳ в”Җв”Җв”Җв”Җв”Җв”Җв”Җв”Җв”Җв”Җв”Җв”Җв”Җв”Җв”Җв”Җв”Җв”Җв”Җв”Җв”Җв”Җв”Җв”Җв”Җв”Җв”Җв”Җв”Җв”Җв”Җв”Җв”Җ
set local request.jwt.claims = '{"sub":"wk400000-0000-0000-0000-000000000002","role":"authenticated"}';

select is(
  (select count(*)::int from public.shifts),
  1,
  'мӣҢм»Ө4лҠ” мһҗмӢ мқҳ shift 1кұҙл§Ң ліј мҲҳ мһҲлӢӨ'
);

select is(
  (select count(*)::int from public.payments),
  1,
  'мӣҢм»Ө4лҠ” мһҗмӢ мқҳ payment 1кұҙл§Ң ліј мҲҳ мһҲлӢӨ'
);

-- в”Җв”Җ Test 11-12: кө¬мқёмһҗ3лҠ” мһҗмӢ  кіөкі мқҳ shiftsВ·payments мЎ°нҡҢ в”Җв”Җ
set local request.jwt.claims = '{"sub":"ea300000-0000-0000-0000-000000000003","role":"authenticated"}';

select is(
  (select count(*)::int from public.shifts),
  2,
  'кө¬мқёмһҗ3лҠ” мһҗмӢ  кіөкі мқҳ лӘЁл“  shifts(2кұҙ)лҘј ліј мҲҳ мһҲлӢӨ'
);

select is(
  (select count(*)::int from public.payments),
  2,
  'кө¬мқёмһҗ3лҠ” мһҗмӢ  кіөкі мқҳ лӘЁл“  payments(2кұҙ)лҘј ліј мҲҳ мһҲлӢӨ'
);

select * from finish();
rollback;
